Workbook

Sheet Sheet3
A1: Name | B1: SKU | C1: Standard Delivery - Pickup Price | D1: 5% Delivery - Pickup Price | E1: 10% Delivery - Pickup Price | F1: 15% Delivery - Pickup Price | G1: 20% Delivery - Pickup Price | H1: Standard Delivery - Price | I1: 5% Delivery - Price | J1: 10% Delivery - Price | K1: 15% Delivery - Price | L1: 20% Delivery - Price | M1: Standard Delivery - Price | N1: 5% Delivery - Price | O1: 10% Delivery - Price | P1: 15% Delivery - Price | Q1: 20% Delivery - Price | R1: Standard Delivery - Price | S1: 5% Delivery - Price | T1: 10% Delivery - Price | U1: 15% Delivery - Price | V1: 20% Delivery - Price
A2: Go Large Mug | B2: MC6081110003325 | C2: 31 | D2: 33 | E2: 35 | G2: 38 | H2: 36 | I2: 38 | J2: 40 | L2: 44 | M2: 37 | N2: 39 | O2: 41 | Q2: 45 | R2: 37 | S2: 40 | T2: 42 | V2: 46
A3: Mountain Dew Regular | B3: MC6081110003318 | C3: 0 | D3: 0 | E3: 0 | G3: 0 | H3: 0 | I3: 0 | J3: 0 | L3: 0 | M3: 0 | N3: 0 | O3: 0 | Q3: 0 | R3: 0 | S3: 0 | T3: 0 | V3: 0
A4: Chicken Macaroni Soup | B4: MC6081110003507 | C4: 0 | D4: 0 | E4: 0 | G4: 0 | H4: 0 | I4: 0 | J4: 0 | L4: 0 | M4: 0 | N4: 0 | O4: 0 | Q4: 0 | R4: 0 | S4: 0 | T4: 0 | V4: 0
A5: Iced Mocha Regular | B5: MC6081110003417 | C5: 45 | D5: 48 | E5: 50 | G5: 54 | H5: 52 | I5: 55 | J5: 57 | L5: 62 | M5: 53 | N5: 56 | O5: 59 | Q5: 63 | R5: 54 | S5: 57 | T5: 60 | V5: 64
A6: Go Medium Coke | B6: MC6081110003453 | C6: 26 | D6: 28 | E6: 29 | G6: 32 | H6: 30 | I6: 32 | J6: 33 | L6: 37 | M6: 31 | N6: 33 | O6: 34 | Q6: 38 | R6: 31 | S6: 34 | T6: 35 | V6: 38
A7: Go Medium Pineapple Juice | B7: MC608011000098 | C7: 41 | D7: 44 | E7: 46 | G7: 50 | H7: 47 | I7: 50 | J7: 53 | L7: 57 | M7: 48 | N7: 52 | O7: 54 | Q7: 59 | R7: 49 | S7: 53 | T7: 55 | V7: 60
A8: Iced Latte Large | B8: MC6081110003377 | C8: 51 | D8: 54 | E8: 57 | G8: 62 | H8: 58 | I8: 62 | J8: 65 | L8: 71 | M8: 60 | N8: 63 | O8: 67 | Q8: 73 | R8: 61 | S8: 64 | T8: 68 | V8: 74
A9: Mashed Potato | B9: MC6081110003508 | C9: 0 | D9: 0 | E9: 0 | G9: 0 | H9: 0 | I9: 0 | J9: 0 | L9: 0 | M9: 0 | N9: 0 | O9: 0 | Q9: 0 | R9: 0 | S9: 0 | T9: 0 | V9: 0
A10: Go Large Mirinda | B10: MC6081110003323 | C10: 31 | D10: 33 | E10: 35 | G10: 38 | H10: 36 | I10: 38 | J10: 40 | L10: 44 | M10: 37 | N10: 39 | O10: 41 | Q10: 45 | R10: 37 | S10: 40 | T10: 42 | V10: 46
A11: Iced Mocha Large | B11: MC6081110003419 | C11: 61 | D11: 65 | E11: 68 | G11: 74 | H11: 70 | I11: 74 | J11: 78 | L11: 84 | M11: 72 | N11: 76 | O11: 80 | Q11: 87 | R11: 73 | S11: 78 | T11: 81 | V11: 88
A12: Go Medium Pepsi Black | B12: MC6081110003458 | C12: 26 | D12: 28 | E12: 29 | G12: 32 | H12: 30 | I12: 32 | J12: 33 | L12: 37 | M12: 31 | N12: 33 | O12: 34 | Q12: 38 | R12: 31 | S12: 34 | T12: 35 | V12: 38
A13: Go Large Pepsi | B13: MC6081110003320 | C13: 31 | D13: 33 | E13: 35 | G13: 38 | H13: 36 | I13: 38 | J13: 40 | L13: 44 | M13: 37 | N13: 39 | O13: 41 | Q13: 45 | R13: 37 | S13: 40 | T13: 42 | V13: 46
... A49: Go Large Pineapple Juice | B49: MC6081110003477 | C49: 46 | D49: 49 | E49: 51 | G49: 56 | H49: 53 | I49: 56 | J49: 58 | L49: 64 | M49: 54 | N49: 58 | O49: 60 | Q49: 66 | R49: 55 | S49: 59 | T49: 61 | V49: 67

Sheet Sheet1
A1: name | B1: sku | C1: Pkup Reg | D1: Pkup 5% | E1: Pkup 10% | F1: Pkup 15% | G1: Pkup 20% | H1: Apollo Reg | I1: Apollo 5% | J1: Apollo 10% | K1: Apollo 15% | L1: Apollo 20% | M1: Grab Reg | N1: Grab 5% | O1: Grab 10% | P1: Grab 15% | Q1: Grab 20% | R1: FP Reg | S1: FP 5% | T1: FP 10% | U1: FP 15% | V1: FP 20%
A2: 100174 | B2: SVM/VM | C2: Iced Tea Regular | D2: MC608011000090
A3: 103082 | B3: SVM/VM | C3: Go Medium Iced Tea | D3: MC608011000097
A4: 100007 | B4: SVM/VM | C4: Go Large Iced Tea | D4: MC6081110003476
A5: 100025 | B5: SVM/VM | C5: Coke Regular | D5: MC608011000085
A6: 103084 | B6: SVM/VM | C6: Go Medium Coke | D6: MC6081110003453
A7: 100003 | B7: SVM/VM | C7: Go Large Coke | D7: MC608011000092
A8: 100000 | B8: SVM/VM | C8: Go Coke Float | D8: MC608011000099
A9: 100032 | B9: SVM/VM | C9: Coke Zero Regular | D9: MC608011000087
A10: 103073 | B10: SVM/VM | C10: Go Medium Coke Zero | D10: MC6081110003454
A11: 100011 | B11: SVM/VM | C11: Go Large Coke Zero | D11: MC608011000094
A12: 100268 | B12: SVM/VM | C12: Royal Regular | D12: MC6081110002965
A13: 103075 | B13: SVM/VM | C13: Go Medium Royal | D13: MC6081110003456
... A49: 103814 | B49: AOS | C49: Peach Mango Pie | D49: MC608011000072

Sheet Sheet4

Sheet Worksheet
B1: Product ID | C1: Name | D1: SKU | E1: Standard Delivery - Pickup Price | F1: 5% Delivery - Pickup Price | G1: 10% Delivery - Pickup Price | H1: 15% Delivery - Pickup Price | I1: 20% Delivery - Pickup Price | J1: Standard Delivery - Price | K1: 5% Delivery - Price | L1: 10% Delivery - Price | M1: 15% Delivery - Price | N1: 20% Delivery - Price | O1: Standard Delivery - Price | P1: 5% Delivery - Price | Q1: 10% Delivery - Price | R1: 15% Delivery - Price | S1: 20% Delivery - Price | T1: Standard Delivery - Price | U1: 5% Delivery - Price | V1: 10% Delivery - Price | W1: 15% Delivery - Price | X1: 20% Delivery - Price
A2: =_xlfn.XLOOKUP(B2,Sheet1!A:A,Sheet1!B:B) -> SVM/VM | B2: 102129 | C2: Go Large Mug | D2: MC6081110003325 | E2: 31 | F2: 33 | G2: 35 | I2: 38 | J2: 36 | K2: 38 | L2: 40 | N2: 44 | O2: 37 | P2: 39 | Q2: 41 | S2: 45 | T2: 37 | U2: 40 | V2: 42 | X2: 46
A3: =_xlfn.XLOOKUP(B3,Sheet1!A:A,Sheet1!B:B) -> SVM/VM | B3: 102126 | C3: Mountain Dew Regular | D3: MC6081110003318 | E3: 0 | F3: 0 | G3: 0 | I3: 0 | J3: 0 | K3: 0 | L3: 0 | N3: 0 | O3: 0 | P3: 0 | Q3: 0 | S3: 0 | T3: 0 | U3: 0 | V3: 0 | X3: 0
A4: =_xlfn.XLOOKUP(B4,Sheet1!A:A,Sheet1!B:B) -> AOS | B4: 103811 | C4: Chicken Macaroni Soup | D4: MC6081110003507 | E4: 0 | F4: 0 | G4: 0 | I4: 0 | J4: 0 | K4: 0 | L4: 0 | N4: 0 | O4: 0 | P4: 0 | Q4: 0 | S4: 0 | T4: 0 | U4: 0 | V4: 0 | X4: 0
A5: =_xlfn.XLOOKUP(B5,Sheet1!A:A,Sheet1!B:B) -> SVM/VM | B5: 100345 | C5: Iced Mocha Regular | D5: MC6081110003417 | E5: 45 | F5: 48 | G5: 50 | I5: 54 | J5: 52 | K5: 55 | L5: 57 | N5: 62 | O5: 53 | P5: 56 | Q5: 59 | S5: 63 | T5: 54 | U5: 57 | V5: 60 | X5: 64
A6: =_xlfn.XLOOKUP(B6,Sheet1!A:A,Sheet1!B:B) -> SVM/VM | B6: 103084 | C6: Go Medium Coke | D6: MC6081110003453 | E6: 26 | F6: 28 | G6: 29 | I6: 32 | J6: 30 | K6: 32 | L6: 33 | N6: 37 | O6: 31 | P6: 33 | Q6: 34 | S6: 38 | T6: 31 | U6: 34 | V6: 35 | X6: 38
A7: =_xlfn.XLOOKUP(B7,Sheet1!A:A,Sheet1!B:B) -> SVM/VM | B7: 103083 | C7: Go Medium Pineapple Juice | D7: MC608011000098 | E7: 41 | F7: 44 | G7: 46 | I7: 50 | J7: 47 | K7: 50 | L7: 53 | N7: 57 | O7: 48 | P7: 52 | Q7: 54 | S7: 59 | T7: 49 | U7: 53 | V7: 55 | X7: 60
A8: =_xlfn.XLOOKUP(B8,Sheet1!A:A,Sheet1!B:B) -> SVM/VM | B8: 102543 | C8: Iced Latte Large | D8: MC6081110003377 | E8: 51 | F8: 54 | G8: 57 | I8: 62 | J8: 58 | K8: 62 | L8: 65 | N8: 71 | O8: 60 | P8: 63 | Q8: 67 | S8: 73 | T8: 61 | U8: 64 | V8: 68 | X8: 74
A9: =_xlfn.XLOOKUP(B9,Sheet1!A:A,Sheet1!B:B) -> AOS | B9: 103813 | C9: Mashed Potato | D9: MC6081110003508 | E9: 0 | F9: 0 | G9: 0 | I9: 0 | J9: 0 | K9: 0 | L9: 0 | N9: 0 | O9: 0 | P9: 0 | Q9: 0 | S9: 0 | T9: 0 | U9: 0 | V9: 0 | X9: 0
A10: =_xlfn.XLOOKUP(B10,Sheet1!A:A,Sheet1!B:B) -> SVM/VM | B10: 102125 | C10: Go Large Mirinda | D10: MC6081110003323 | E10: 31 | F10: 33 | G10: 35 | I10: 38 | J10: 36 | K10: 38 | L10: 40 | N10: 44 | O10: 37 | P10: 39 | Q10: 41 | S10: 45 | T10: 37 | U10: 40 | V10: 42 | X10: 46
A11: =_xlfn.XLOOKUP(B11,Sheet1!A:A,Sheet1!B:B) -> SVM/VM | B11: 100349 | C11: Iced Mocha Large | D11: MC6081110003419 | E11: 61 | F11: 65 | G11: 68 | I11: 74 | J11: 70 | K11: 74 | L11: 78 | N11: 84 | O11: 72 | P11: 76 | Q11: 80 | S11: 87 | T11: 73 | U11: 78 | V11: 81 | X11: 88
A12: =_xlfn.XLOOKUP(B12,Sheet1!A:A,Sheet1!B:B) -> SVM/VM | B12: 103077 | C12: Go Medium Pepsi Black | D12: MC6081110003458 | E12: 26 | F12: 28 | G12: 29 | I12: 32 | J12: 30 | K12: 32 | L12: 33 | N12: 37 | O12: 31 | P12: 33 | Q12: 34 | S12: 38 | T12: 31 | U12: 34 | V12: 35 | X12: 38
A13: =_xlfn.XLOOKUP(B13,Sheet1!A:A,Sheet1!B:B) -> SVM/VM | B13: 102119 | C13: Go Large Pepsi | D13: MC6081110003320 | E13: 31 | F13: 33 | G13: 35 | I13: 38 | J13: 36 | K13: 38 | L13: 40 | N13: 44 | O13: 37 | P13: 39 | Q13: 41 | S13: 45 | T13: 37 | U13: 40 | V13: 42 | X13: 46
... A49: =_xlfn.XLOOKUP(B49,Sheet1!A:A,Sheet1!B:B) -> SVM/VM | B49: 100027 | C49: Go Large Pineapple Juice | D49: MC6081110003477 | E49: 46 | F49: 49 | G49: 51 | I49: 56 | J49: 53 | K49: 56 | L49: 58 | N49: 64 | O49: 54 | P49: 58 | Q49: 60 | S49: 66 | T49: 55 | U49: 59 | V49: 61 | X49: 67

Sheet Sheet2
B1: Product ID | C1: Name | D1: Channel | J1: Core Menu | K1: Categories | L1: SKU | M1: Status | N1: QMAI Product Code | O1: QMAI SKU | P1: QMAI ID Group | V1: Standard Delivery - Price | W1: 5% Delivery - Price | X1: 10% Delivery - Price | Y1: 15% Delivery - Price | Z1: 20% Delivery - Price
A2: =_xlfn.XLOOKUP(B2,Sheet1!A:A,Sheet1!B:B) -> SVM/VM | B2: 102129 | C2: Go Large Mug | D2: Foodpanda | J2: TRUE | L2: MC6081110003325 | M2: Active | V2: 37 | W2: 40 | X2: 42 | Z2: 46
A3: =_xlfn.XLOOKUP(B3,Sheet1!A:A,Sheet1!B:B) -> SVM/VM | B3: 102126 | C3: Mountain Dew Regular | D3: Foodpanda | J3: FALSE | L3: MC6081110003318 | M3: Active | V3: 0 | W3: 0 | X3: 0 | Z3: 0
A4: =_xlfn.XLOOKUP(B4,Sheet1!A:A,Sheet1!B:B) -> AOS | B4: 103811 | C4: Chicken Macaroni Soup | D4: Foodpanda | J4: TRUE | L4: MC6081110003507 | M4: Active | V4: 0 | W4: 0 | X4: 0 | Z4: 0
A5: =_xlfn.XLOOKUP(B5,Sheet1!A:A,Sheet1!B:B) -> SVM/VM | B5: 100345 | C5: Iced Mocha Regular | D5: Foodpanda | J5: TRUE | L5: MC6081110003417 | M5: Active | V5: 54 | W5: 57 | X5: 60 | Z5: 64
A6: =_xlfn.XLOOKUP(B6,Sheet1!A:A,Sheet1!B:B) -> SVM/VM | B6: 103084 | C6: Go Medium Coke | D6: Foodpanda | J6: TRUE | L6: MC6081110003453 | M6: Active | V6: 31 | W6: 34 | X6: 35 | Z6: 38
A7: =_xlfn.XLOOKUP(B7,Sheet1!A:A,Sheet1!B:B) -> SVM/VM | B7: 103083 | C7: Go Medium Pineapple Juice | D7: Foodpanda | J7: TRUE | L7: MC608011000098 | M7: Active | V7: 49 | W7: 53 | X7: 55 | Z7: 60
A8: =_xlfn.XLOOKUP(B8,Sheet1!A:A,Sheet1!B:B) -> SVM/VM | B8: 102543 | C8: Iced Latte Large | D8: Foodpanda | J8: TRUE | L8: MC6081110003377 | M8: Active | V8: 61 | W8: 64 | X8: 68 | Z8: 74
A9: =_xlfn.XLOOKUP(B9,Sheet1!A:A,Sheet1!B:B) -> AOS | B9: 103813 | C9: Mashed Potato | D9: Foodpanda | J9: TRUE | L9: MC6081110003508 | M9: Active | V9: 0 | W9: 0 | X9: 0 | Z9: 0
A10: =_xlfn.XLOOKUP(B10,Sheet1!A:A,Sheet1!B:B) -> SVM/VM | B10: 102125 | C10: Go Large Mirinda | D10: Foodpanda | J10: TRUE | L10: MC6081110003323 | M10: Active | V10: 37 | W10: 40 | X10: 42 | Z10: 46
A11: =_xlfn.XLOOKUP(B11,Sheet1!A:A,Sheet1!B:B) -> SVM/VM | B11: 100349 | C11: Iced Mocha Large | D11: Foodpanda | J11: TRUE | L11: MC6081110003419 | M11: Active | V11: 73 | W11: 78 | X11: 81 | Z11: 88
A12: =_xlfn.XLOOKUP(B12,Sheet1!A:A,Sheet1!B:B) -> SVM/VM | B12: 103077 | C12: Go Medium Pepsi Black | D12: Foodpanda | J12: TRUE | L12: MC6081110003458 | M12: Active | V12: 31 | W12: 34 | X12: 35 | Z12: 38
A13: =_xlfn.XLOOKUP(B13,Sheet1!A:A,Sheet1!B:B) -> SVM/VM | B13: 102119 | C13: Go Large Pepsi | D13: Foodpanda | J13: TRUE | L13: MC6081110003320 | M13: Active | V13: 37 | W13: 40 | X13: 42 | Z13: 46
... A49: =_xlfn.XLOOKUP(B49,Sheet1!A:A,Sheet1!B:B) -> SVM/VM | B49: 100027 | C49: Go Large Pineapple Juice | D49: Foodpanda | J49: TRUE | L49: MC6081110003477 | M49: Active | V49: 55 | W49: 59 | X49: 61 | Z49: 67
